Company,Contact,Country,Price,Item
Fashion Fusion,+56172832744,Mongolia,48801₽,concept
Classy Collections,+7631219929,Bulgaria,59655₽,basket
Glamour Galore,+4484100428,Afghanistan,94869₽,concept
Sophisticated Sewing,+85460374124,Algeria,68679₽,midnight
Sophisticated Sewing,+49868488088,Bangladesh,52388₽,family
Body Bliss,+23634592625,Tuvalu,48043₽,data
Fashion Fusion,+30674326341,Mauritius,15367₽,dealer
Dapper Designs,+59789786607,Costa Rica,86399₽,injury
Skin Studio,+12574998549,East Timor (Timor-Leste),93935₽,series
Trendsetting Tailors,+895691543,Grenada,67671₽,explanation
Refined Rags,+5623131900,Belgium,67967₽,signature
Sleek Styles,+59846218615,Haiti,43635₽,drawer
Wellness World,+21252802888,Sierra Leone,86797₽,library
Makeup Maven,+6674760202,Singapore,48818₽,development
Chic Boutique,+5691458308,Liechtenstein,92948₽,dad
Skin Studio,+21311488056,Slovakia,95770₽,context
Trendy Threads,+14350460281,Poland,30859₽,emphasis
Modern Maven,+99777671953,Namibia,40752₽,refrigerator
Chic Boutique,+82775715321,Georgia,26902₽,departure
Fine Fabrics,+5750220697,Paraguay,94353₽,language
Fashion Fusion,+11450660548,Yemen,45905₽,contract
Refined Rags,+2085318852,Morocco,75941₽,secretary
Stellar Stitches,+49159977109,Tanzania,31693₽,departure
Fashion Forward,+68855874719,Sierra Leone,21130₽,advertising
Sleek Styles,+22369639365,Norway,61298₽,cell
Skin Studio,+87713964044,Dominica,75006₽,enthusiasm
Trendsetting Tailors,+39100699534,El Salvador,21287₽,affair
Clipper Cuts,+56406193218,Equatorial Guinea,63640₽,basket
Skin Studio,+4134717388,Trinidad and Tobago,87531₽,fishing
Modish Mannequins,+39278153866,Haiti,64467₽,love
Fashion Forward,+21701653711,Mauritius,18423₽,computer
Beauty Bar,+4407496560,Ethiopia,68097₽,assumption
Body Bliss,+28611546503,Guinea,40096₽,injury
Wellness World,+88345815573,Luxembourg,46194₽,sample
Dapper Designs,+77722815948,Iran,42466₽,explanation
Brow Boosters,+15303714685,Cyprus,84823₽,death
Fashion Fusion,+1683122380,Botswana,95034₽,pie
Fashion Fusion,+73432828241,Ghana,27954₽,oven
Fashion Forward,+1592370297,The Gambia,60205₽,proposal
Makeup Maven,+2710639816,Togo,72588₽,user
Sophisticated Sewing,+6213766870,Comoros,92693₽,dealer
Classy Chic,+4827366827,Maldives,48714₽,classroom
Wellness World,+50133041362,Ecuador,21146₽,employee
Classy Chic,+2692758014,Turkmenistan,24649₽,breath
Modern Maven,+37435141916,Norway,41294₽,pie
Beauty Bar,+89550785584,Panama,60534₽,love
Wellness World,+90369768398,Chile,36552₽,stranger
Stylish Silhouettes,+20306302244,Monaco,63618₽,injury
Brow Boosters,+12731588367,Kiribati,20978₽,addition
Skin Studio,+91674802343,Myanmar (Burma),52782₽,signature
Haute Hues,+96469630225,Poland,63393₽,dealer
Fashion Forward,+16845062227,Mauritania,55136₽,administration
Lash Lounge,+92714942414,United States of America,69546₽,dad
Beauty Bar,+81465507861,Brunei,72491₽,language
Brow Boosters,+25107125725,Croatia,33398₽,emphasis
Classy Collections,+14146481941,Colombia,11603₽,distribution
Fashion Fusion,+89282554329,Israel,41915₽,perception
Classy Collections,+0224752275,Panama,28462₽,truth
Glow Getter,+21586842020,Saudi Arabia,72942₽,love
Fine Fabrics,+98682178092,Taiwan,52234₽,advice
Sleek Styles,+65586322314,Taiwan,10706₽,tennis
Fashion Fusion,+54299648163,Azerbaijan,46567₽,employment
Salon Suites,+96131460819,Nauru,32133₽,advice
Trendy Threads,+2722375897,Somalia,75818₽,map
Trendsetting Tailors,+46288816071,Senegal,28133₽,map
Salon Suites,+59523419286,Turkey,81094₽,pizza
Stylish Silhouettes,+1932274869,Uzbekistan,70985₽,advice
Classy Collections,+42468902008,Central African Republic,81344₽,analyst
Fashion Fusion,+42650239532,Nepal,24061₽,concept
Classy Collections,+0788466959,Belarus,39161₽,basket
Urban Upmarket,+72166619049,Mauritania,65752₽,proposal
